auroc,prauc,bacc,f1_pos,acc,thr,prev,tp,fp,tn,fn,model,train_dataset,test_dataset,n_train,n_test,scaling_mode,best_params
0.6304347826086957,0.6827981473730756,0.5,0.7540983606557377,0.6052631578947368,0.3342873613829627,0.6052631578947368,23,15,0,0,logreg,MMASD,Engagnition,1374,38,global,"{""clf__C"": 0.2848035868435802}"
0.6478846377978618,0.62510966990934,0.5197370233415624,0.13488975356679636,0.5145560407569141,0.39964801293660496,0.5058224163027657,52,24,655,643,logreg,Engagnition,MMASD,38,1374,global,"{""clf__C"": 0.0533669923120631}"
0.336231884057971,0.5392884144114953,0.5,0.7540983606557377,0.6052631578947368,0.2630154008395744,0.6052631578947368,23,15,0,0,xgb,MMASD,Engagnition,1374,38,global,"{""subsample"": 1.0, ""reg_lambda"": 10.0, ""n_estimators"": 300, ""min_child_weight"": 5, ""max_depth"": 3, ""learning_rate"": 0.03, ""colsample_bytree"": 0.75}"
0.6040590796876489,0.5909297656714468,0.5520157658850828,0.6370106761565836,0.5545851528384279,0.34347620606422424,0.5058224163027657,537,454,225,158,xgb,Engagnition,MMASD,38,1374,global,"{""subsample"": 1.0, ""reg_lambda"": 1.0, ""n_estimators"": 900, ""min_child_weight"": 3, ""max_depth"": 4, ""learning_rate"": 0.1, ""colsample_bytree"": 0.75}"
