model,thr_f1,auroc,bacc,f1_pos,acc
logreg,0.39515267494338235,0.7304347826086955,0.6347826086956522,0.7692307692307693,0.6842105263157895
xgb,0.46037212014198303,0.4043478260869565,0.5,0.7540983606557377,0.6052631578947368
