model,macro_f1,bal_acc,auc_ovr_macro
logreg,0.6416666666666667,0.736231884057971,0.7870631783675263
xgb,0.4212121212121212,0.43768115942028984,0.7099786686743208
