task,model,n,n_participants,acc_mean_cv,macro_f1_mean_cv,bal_acc_mean_cv,acc_oof,macro_f1_oof,bal_acc_oof,classes
activity_grouped,logreg,1374,32,0.6628050789906071,0.692459581678427,0.7047878829742276,0.6622998544395924,0.6680718518743324,0.6881887783231989,movements|music|yoga
activity_grouped,xgb,1374,32,0.5375757596897135,0.5609397714803771,0.5770025984492921,0.5363901018922853,0.5490011986803071,0.5150786392163939,movements|music|yoga
