task,model,n,n_participants,auroc_mean_cv,bal_acc_mean_cv,f1_pos_mean_cv,acc_mean_cv,auroc_oof,bal_acc_oof_thr05,f1_pos_oof_thr05,acc_oof_thr05
movement_intensity_bin,logreg,1374,32,0.7454884633932932,0.6776303154329479,0.7321359609709988,0.6796368910683774,0.7359680444157193,0.6714465835284644,0.6616766467065869,0.6710334788937409
movement_intensity_bin,xgb,1374,32,0.722640720719192,0.6425925306915461,0.7198194033760478,0.6455776802187099,0.7131604878100466,0.6531897309839905,0.6448250186150409,0.6528384279475983
